ランク800に到達すれば<br>レアチケット１枚をプレゼント☆<br>レベルを上げてランクアップにゃ！	//800_1:ランク800の目標表示
レアチケット１枚を手に入れたにゃ！	//800_2:ランク800の達成表示
ランク900に到達すれば<br>「レアキャラ」のレベル上限解放！<br>※レベル25までパワーアップ可能※	//900_1:ランク900の目標表示
「レアキャラ」のレベル上限解放<br>レベル25までパワーアップ可能にゃ！<br>※XPでパワーアップできます※	//900_2:ランク900の達成表示
ランク1000に到達すれば「激レア」の<br>レベル上限解放！(狂乱キャラと一部を除く)<br>※レベル25までパワーアップ可能※	//1000_1:ランク1000の目標表示
「激レア」のレベル上限解放(狂乱キャラと一部を除く)<br>レベル25までパワーアップ可能にゃ！<br>※XPでパワーアップできます※	//1000_2:ランク1000の達成表示
ランク1100に到達すれば<br>「超激レア」のレベル上限解放！<br>※レベル25までパワーアップ可能※	//1100_1:ランク1100の目標表示
「超激レア」のレベル上限解放<br>レベル25までパワーアップ可能にゃ！<br>※XPでパワーアップできます※	//1100_2:ランク1100の達成表示
ランク1200に到達すれば<br>「レアキャラ」のレベル上限解放！<br>※レベル30までパワーアップ可能※	//1200_1:ランク1200の目標表示
「レアキャラ」のレベル上限解放<br>レベル30までパワーアップ可能にゃ！<br>※XPでパワーアップできます※	//1200_2:ランク1200の達成表示
ランク1300に到達すれば「激レア」の<br>レベル上限解放！(狂乱キャラと一部を除く)<br>※レベル30までパワーアップ可能※	//1300_1:ランク1300の目標表示
「激レア」のレベル上限解放(狂乱キャラと一部を除く)<br>レベル30までパワーアップ可能にゃ！<br>※XPでパワーアップできます※	//1300_2:ランク1300の達成表示
ランク1400に到達すれば<br>「超激レア」のレベル上限解放！<br>※レベル30までパワーアップ可能※	//1400_1:ランク1400の目標表示
「超激レア」のレベル上限解放<br>レベル30までパワーアップ可能にゃ！<br>※XPでパワーアップできます※	//1400_2:ランク1400の達成表示
ランク1500に到達すれば<br>「基本キャラ」のプラス上限解放！<br>※＋25までパワーアップ可能※	//1500_1:ランク1500の目標表示
「基本キャラ」のプラス上限解放<br>＋25までパワーアップ可能にゃ！<br>※ガチャでパワーアップできます※	//1500_2:ランク1500の達成表示
ランク1600に到達すれば<br>「EXキャラ」のレベル上限解放！<br>※レベル30までパワーアップ可能※	//1600_1:ランク1600の目標表示
「EXキャラ」のレベル上限解放<br>レベル30までパワーアップ可能にゃ！<br>※XPでパワーアップできます※	//1600_2:ランク1600の達成表示
ランク1700に到達すれば<br>「基本キャラ」のプラス上限解放！<br>※＋30までパワーアップ可能※	//1700_1:ランク1700の目標表示
「基本キャラ」のプラス上限解放<br>＋30までパワーアップ可能にゃ！<br>※ガチャでパワーアップできます※	//1700_2:ランク1700の達成表示
ランク1800に到達すれば<br>「レアキャラ」のプラス上限解放！<br>※＋20までパワーアップ可能※	//1800_1:ランク1800の目標表示
「レアキャラ」のプラス上限解放<br>＋20までパワーアップ可能にゃ！<br>※ガチャでパワーアップできます※	//1800_2:ランク1800の達成表示
ランク1900に到達すれば<br>「レアキャラ」のプラス上限解放！<br>※＋30までパワーアップ可能※	//1900_1:ランク1900の目標表示
「レアキャラ」のプラス上限解放<br>＋30までパワーアップ可能にゃ！<br>※ガチャでパワーアップできます※	//1900_2:ランク1900の達成表示
ランク2000に到達すれば<br>「激レア」のプラス上限解放！(一部を除く)<br>※＋20までパワーアップ可能※	//2000_1:ランク2000の目標表示
「激レア」のプラス上限解放<br>＋20までパワーアップ可能にゃ！(一部を除く)<br>※ガチャでパワーアップできます※	//2000_2:ランク2000の達成表示
ランク2100に到達すれば<br>「超激レア」のプラス上限解放！<br>※＋20までパワーアップ可能※	//2100_1:ランク2100の目標表示
「超激レア」のプラス上限解放<br>＋20までパワーアップ可能にゃ！<br>※ガチャでパワーアップできます※	//2100_2:ランク2100の達成表示
ランク2200に到達すれば<br>レアチケット１枚をプレゼント☆<br>レベルを上げてランクアップにゃ！	//2200_1:ランク2200の目標表示
レアチケット１枚を手に入れたにゃ！	//2200_1:ランク2200の達成表示
ランク2300に到達すれば<br>「レアキャラ」のプラス上限解放！<br>※＋40までパワーアップ可能※	//2300_1:ランク2300の目標表示
「レアキャラ」のプラス上限解放<br>＋40までパワーアップ可能にゃ！<br>※ガチャでパワーアップできます※	//2300_2:ランク2300の達成表示
ランク2400に到達すれば<br>「激レア」のプラス上限解放！(一部を除く)<br>※＋30までパワーアップ可能※	//2400_1:ランク2400の目標表示
「激レア」のプラス上限解放<br>＋30までパワーアップ可能にゃ！(一部を除く)<br>※ガチャでパワーアップできます※	//2400_2:ランク2400の達成表示
ランク2500に到達すれば<br>「超激レア」のプラス上限解放！<br>※＋30までパワーアップ可能※	//2500_1:ランク2500の目標表示
「超激レア」のプラス上限解放<br>＋30までパワーアップ可能にゃ！<br>※ガチャでパワーアップできます※	//2500_2:ランク2500の達成表示
ランク2600に到達すれば<br>レアチケット１枚をプレゼント☆<br>レベルを上げてランクアップにゃ！	//2600_1:ランク2600の目標表示
レアチケット１枚を手に入れたにゃ！	//2600_2:ランク2600の達成表示
ランク2700に到達すれば<br>新しいにゃんコンボを解放！<br>レベルを上げてランクアップにゃ！	//2700_1:ランク2700の目標表示
3つの新しいにゃんコンボが解放されたにゃ！	//2700_2:ランク2700の達成表示
ランク2800に到達すれば<br>レアチケット１枚をプレゼント☆<br>レベルを上げてランクアップにゃ！	//2800_1:ランク2800の達成表示
レアチケット１枚を手に入れたにゃ！	//2800_2:ランク2800の達成表示
ランク2900に到達すれば<br>「基本キャラ」のプラス上限解放！<br>※＋35までパワーアップ可能※	//2900_1:ランク2900の達成表示
「基本キャラ」のプラス上限解放<br>＋35までパワーアップ可能にゃ！<br>※ガチャでパワーアップできます※	//2900_2:ランク2900の達成表示
ランク3000に到達すれば<br>「基本キャラ」のプラス上限解放！<br>※＋40までパワーアップ可能※	//3000_1:ランク3000の達成表示
「基本キャラ」のプラス上限解放<br>＋40までパワーアップ可能にゃ！<br>※ガチャでパワーアップできます※	//3000_2:ランク3000の達成表示
ランク3100に到達すれば<br>「レアキャラ」のプラス上限解放！<br>※＋50までパワーアップ可能※	//3100_1:ランク3100の目標表示
「レアキャラ」のプラス上限解放<br>＋50までパワーアップ可能にゃ！<br>※ガチャでパワーアップできます※	//3100_2:ランク3100の達成表示
ランク3200に到達すれば<br>「激レア」のプラス上限解放！(一部を除く)<br>※＋40までパワーアップ可能※	//3200_1:ランク3200の目標表示
「激レア」のプラス上限解放<br>＋40までパワーアップ可能にゃ！(一部を除く)<br>※ガチャでパワーアップできます※	//3200_2:ランク3200の達成表示
ランク3300に到達すれば<br>「超激レア」のプラス上限解放！<br>※＋40までパワーアップ可能※	//3300_1:ランク3300の目標表示
「超激レア」のプラス上限解放<br>＋40までパワーアップ可能にゃ！<br>※ガチャでパワーアップできます※	//3300_2:ランク3300の達成表示
ランク3400に到達すれば<br>レアチケット１枚をプレゼント☆<br>レベルを上げてランクアップにゃ！	//3400_1:ランク3400の目標表示
レアチケット１枚を手に入れたにゃ！	//3400_2:ランク3400の達成表示
ランク1450に到達すれば<br>新しいにゃんコンボを解放！<br>レベルを上げてランクアップにゃ！	//1450_1:ランク1450の目標表示
3つの新しいにゃんコンボが解放されたにゃ！	//1450_2:ランク1450の達成表示
ランク2150に到達すれば<br>新しいにゃんコンボを解放！<br>レベルを上げてランクアップにゃ！	//2150_1:ランク2150の目標表示
3つの新しいにゃんコンボが解放されたにゃ！	//2150_2:ランク2150の達成表示
ランク1550に到達すれば<br>虹マタタビを1個プレゼント☆<br>レベルを上げてランクアップにゃ！	//1550_1:ランク1550の目標表示
一部キャラクターの第3形態進化アイテム<br>虹マタタビを1個手に入れたにゃ！	//1550_2:ランク1550の達成表示
ランク1650に到達すれば<br>キャッツアイ【EX】を3個プレゼント☆<br>レベルを上げてランクアップにゃ！	//1650_1:ランク1650の目標表示
「EXキャラ」(一部を除く)の<br>レベル上限解放アイテム<br>キャッツアイ【EX】を3個手に入れたにゃ！	//1650_2:ランク1650の達成表示
ランク1750に到達すれば<br>キャッツアイ【レア】を3個プレゼント☆<br>レベルを上げてランクアップにゃ！	//1750_1:ランク1750の目標表示
「レアキャラ」のレベル上限解放アイテム<br>キャッツアイ【レア】を3個手に入れたにゃ！	//1750_2:ランク1750の達成表示
ランク1850に到達すれば<br>キャッツアイ【激レア】を3個プレゼント☆<br>レベルを上げてランクアップにゃ！	//1850_1:ランク1850の目標表示
「激レアキャラ」(一部を除く)の<br>レベル上限解放アイテム<br>キャッツアイ【激レア】を3個手に入れたにゃ！	//1850_2:ランク1850の達成表示
ランク1950に到達すれば<br>キャッツアイ【超激レア】を3個プレゼント☆<br>レベルを上げてランクアップにゃ！	//1950_1:ランク1950の目標表示
「超激レアキャラ」のレベル上限解放アイテム<br>キャッツアイ【超激レア】を3個手に入れたにゃ！	//1950_2:ランク1950の達成表示
ランク3500に到達すれば<br>「基本キャラ」のプラス上限解放！<br>※＋45までパワーアップ可能※	//3500_1:ランク3500の目標表示
「基本キャラ」のプラス上限解放<br>＋45までパワーアップ可能にゃ！<br>※ガチャでパワーアップできます※	//3500_2:ランク3500の達成表示
ランク3550に到達すれば<br>「基本キャラ」のプラス上限解放！<br>※＋50までパワーアップ可能※	//3550_1:ランク3550の目標表示
「基本キャラ」のプラス上限解放<br>＋50までパワーアップ可能にゃ！<br>※ガチャでパワーアップできます※	//3550_2:ランク3550の達成表示
ランク3600に到達すれば<br>「激レア(狂乱キャラ)」のレベル上限解放！<br>※レベル25までパワーアップ可能※	//3600_1:ランク3600の目標表示
「激レア(狂乱キャラ)」のレベル上限解放<br>レベル25までパワーアップ可能にゃ！<br>※XPでパワーアップできます※	//3600_2:ランク3600の達成表示
ランク3650に到達すれば<br>「激レア(狂乱キャラ)」のレベル上限解放！<br>※レベル30までパワーアップ可能※	//3650_1:ランク3650の目標表示
「激レア(狂乱キャラ)」のレベル上限解放<br>レベル30までパワーアップ可能にゃ！<br>※XPでパワーアップできます※	//3650_2:ランク3650の達成表示
ランク4000に到達すれば<br>レアチケット１枚をプレゼント☆<br>レベルを上げてランクアップにゃ！	//4000_1:ランク4000の目標表示
レアチケット１枚を手に入れたにゃ！	//4000_2:ランク4000の達成表示
ランク4050に到達すれば<br>「レアキャラ」のプラス上限解放！<br>※＋60までパワーアップ可能※	//4050_1:ランク4050の目標表示
「レアキャラ」のプラス上限解放<br>＋60までパワーアップ可能にゃ！<br>※ガチャでパワーアップできます※	//4050_2:ランク4050の達成表示
ランク4100に到達すれば<br>「激レア」のプラス上限解放！(一部を除く)<br>※＋50までパワーアップ可能※	//4100_1:ランク4100の目標表示
「激レア」のプラス上限解放<br>＋50までパワーアップ可能にゃ！(一部を除く)<br>※ガチャでパワーアップできます※	//4100_2:ランク4100の達成表示
ランク4150に到達すれば<br>「超激レア」のプラス上限解放！<br>※＋50までパワーアップ可能※	//4150_1:ランク4150の目標表示
「超激レア」のプラス上限解放<br>＋50までパワーアップ可能にゃ！<br>※ガチャでパワーアップできます※	//4150_2:ランク4150の達成表示
ランク2250に到達すれば<br>虹マタタビを1個プレゼント☆<br>レベルを上げてランクアップにゃ！	//2250_1:ランク2250の目標表示
一部キャラクターの第3形態進化アイテム<br>虹マタタビを1個手に入れたにゃ！	//2250_2:ランク2250の達成表示
ランク2350に到達すれば<br>キャッツアイ【EX】を3個プレゼント☆<br>レベルを上げてランクアップにゃ！	//2350_1:ランク2350の目標表示
「EXキャラ」(一部を除く)の<br>レベル上限解放アイテム<br>キャッツアイ【EX】を3個手に入れたにゃ！	//2350_2:ランク2350の達成表示
ランク2450に到達すれば<br>キャッツアイ【レア】を3個プレゼント☆<br>レベルを上げてランクアップにゃ！	//2450_1:ランク2450の目標表示
「レアキャラ」のレベル上限解放アイテム<br>キャッツアイ【レア】を3個手に入れたにゃ！	//2450_2:ランク2450の達成表示
ランク2550に到達すれば<br>キャッツアイ【激レア】を3個プレゼント☆<br>レベルを上げてランクアップにゃ！	//2550_1:ランク2550の目標表示
「激レアキャラ」(一部を除く)の<br>レベル上限解放アイテム<br>キャッツアイ【激レア】を3個手に入れたにゃ！	//2550_2:ランク2550の達成表示
ランク2650に到達すれば<br>キャッツアイ【超激レア】を3個プレゼント☆<br>レベルを上げてランクアップにゃ！	//2650_1:ランク2650の目標表示
「超激レアキャラ」のレベル上限解放アイテム<br>キャッツアイ【超激レア】を3個手に入れたにゃ！	//2650_2:ランク2650の達成表示
ランク3050に到達すれば<br>虹マタタビを1個プレゼント☆<br>レベルを上げてランクアップにゃ！	//3050_1:ランク3050の目標表示
一部キャラクターの第3形態進化アイテム<br>虹マタタビを1個手に入れたにゃ！	//3050_2:ランク3050の達成表示
ランク3150に到達すれば<br>キャッツアイ【EX】を3個プレゼント☆<br>レベルを上げてランクアップにゃ！	//3150_1:ランク3150の目標表示
「EXキャラ」(一部を除く)の<br>レベル上限解放アイテム<br>キャッツアイ【EX】を3個手に入れたにゃ！	//3150_2:ランク3150の達成表示
ランク3250に到達すれば<br>キャッツアイ【レア】を3個プレゼント☆<br>レベルを上げてランクアップにゃ！	//3250_1:ランク3250の目標表示
「レアキャラ」のレベル上限解放アイテム<br>キャッツアイ【レア】を3個手に入れたにゃ！	//3250_2:ランク3250の達成表示
ランク3350に到達すれば<br>キャッツアイ【激レア】を3個プレゼント☆<br>レベルを上げてランクアップにゃ！	//3350_1:ランク3350の目標表示
「激レアキャラ」(一部を除く)の<br>レベル上限解放アイテム<br>キャッツアイ【激レア】を3個手に入れたにゃ！	//3350_2:ランク3350の達成表示
ランク3450に到達すれば<br>キャッツアイ【超激レア】を3個プレゼント☆<br>レベルを上げてランクアップにゃ！	//3450_1:ランク3450の目標表示
「超激レアキャラ」のレベル上限解放アイテム<br>キャッツアイ【超激レア】を3個手に入れたにゃ！	//3450_2:ランク3450の達成表示
ランク100に到達すれば<br>レアチケット１枚をプレゼント☆<br>レベルを上げてランクアップにゃ！	//100_1:ランク100の目標表示
レアチケット１枚を手に入れたにゃ！	//100_2:ランク100の達成表示
ランク200に到達すれば<br>スピードアップを5個プレゼント☆<br>レベルを上げてランクアップにゃ！	//200_1:ランク200の目標表示
スピードアップを5個手に入れたにゃ！	//200_2:ランク200の達成表示
ランク300に到達すれば<br>XP50000をプレゼント☆<br>レベルを上げてランクアップにゃ！	//300_1:ランク300の目標表示
XP50000を手に入れたにゃ！	//300_2:ランク300の達成表示
ランク400に到達すれば<br>トレジャーレーダーを1個プレゼント☆<br>レベルを上げてランクアップにゃ！	//400_1:ランク400の目標表示
トレジャーレーダーを1個手に入れたにゃ！	//400_2:ランク400の達成表示
ランク500に到達すれば<br>にゃんこチケット2枚をプレゼント☆<br>レベルを上げてランクアップにゃ！	//500_1:ランク500の目標表示
にゃんこチケット2枚を手に入れたにゃ！	//500_2:ランク500の達成表示
ランク600に到達すれば<br>おかめはちもくを2個プレゼント☆<br>レベルを上げてランクアップにゃ！	//600_1:ランク600の目標表示
おかめはちもくを2個手に入れたにゃ！	//600_2:ランク600の達成表示
ランク700に到達すれば<br>XP100000をプレゼント☆<br>レベルを上げてランクアップにゃ！	//700_1:ランク700の目標表示
XP100000を手に入れたにゃ！	//700_2:ランク700の達成表示
ランク3700に到達すれば<br>トレジャーレーダーを3個プレゼント☆<br>レベルを上げてランクアップにゃ！	//3700_1:ランク3700の目標表示
トレジャーレーダーを3個手に入れたにゃ！	//3700_2:ランク3700の達成表示
ランク3750に到達すれば<br>虹マタタビを3個プレゼント☆<br>レベルを上げてランクアップにゃ！	//3750_1:ランク3750の目標表示
一部キャラクターの第3形態進化アイテム<br>虹マタタビを3個手に入れたにゃ！	//3750_2:ランク3750の達成表示
ランク3800に到達すれば<br>キャッツアイ【EX】を3個プレゼント☆<br>レベルを上げてランクアップにゃ！	//3800_1:ランク3800の目標表示
「EXキャラ」(一部を除く)の<br>レベル上限解放アイテム<br>キャッツアイ【EX】を3個手に入れたにゃ！	//3800_2:ランク3800の達成表示
ランク3850に到達すれば<br>キャッツアイ【レア】を3個プレゼント☆<br>レベルを上げてランクアップにゃ！	//3850_1:ランク3850の目標表示
「レアキャラ」のレベル上限解放アイテム<br>キャッツアイ【レア】を3個手に入れたにゃ！	//3850_2:ランク3850の達成表示
ランク3900に到達すれば<br>キャッツアイ【激レア】を3個プレゼント☆<br>レベルを上げてランクアップにゃ！	//3900_1:ランク3900の目標表示
「激レアキャラ」(一部を除く)の<br>レベル上限解放アイテム<br>キャッツアイ【激レア】を3個手に入れたにゃ！	//3900_2:ランク3900の達成表示
ランク3950に到達すれば<br>キャッツアイ【超激レア】を3個プレゼント☆<br>レベルを上げてランクアップにゃ！	//3950_1:ランク3950の目標表示
「超激レアキャラ」のレベル上限解放アイテム<br>キャッツアイ【超激レア】を3個手に入れたにゃ！	//3950_2:ランク3950の達成表示
ランク4200に到達すれば<br>「基本キャラ」のプラス上限解放！<br>※＋55までパワーアップ可能※	//4200_1:ランク4200の目標表示
「基本キャラ」のプラス上限解放<br>＋55までパワーアップ可能にゃ！<br>※ガチャでパワーアップできます※	//4200_2:ランク4200の達成表示
ランク4250に到達すれば<br>「基本キャラ」のプラス上限解放！<br>※＋60までパワーアップ可能※	//4250_1:ランク4250の目標表示
「基本キャラ」のプラス上限解放<br>＋60までパワーアップ可能にゃ！<br>※ガチャでパワーアップできます※	//4250_2:ランク4250の達成表示
ランク4300に到達すれば<br>虹マタタビを3個プレゼント☆<br>レベルを上げてランクアップにゃ！	//4300_1:ランク4300の目標表示
一部キャラクターの第3形態進化アイテム<br>虹マタタビを3個手に入れたにゃ！	//4300_2:ランク4300の達成表示
ランク4350に到達すれば<br>キャッツアイ【EX】を3個プレゼント☆<br>レベルを上げてランクアップにゃ！	//4350_1:ランク4350の目標表示
「EXキャラ」(一部を除く)の<br>レベル上限解放アイテム<br>キャッツアイ【EX】を3個手に入れたにゃ！	//4350_2:ランク4350の達成表示
ランク4400に到達すれば<br>キャッツアイ【レア】を3個プレゼント☆<br>レベルを上げてランクアップにゃ！	//4400_1:ランク4400の目標表示
「レアキャラ」のレベル上限解放アイテム<br>キャッツアイ【レア】を3個手に入れたにゃ！	//4400_2:ランク4400の達成表示
ランク4450に到達すれば<br>キャッツアイ【激レア】を3個プレゼント☆<br>レベルを上げてランクアップにゃ！	//4450_1:ランク4450の目標表示
「激レアキャラ」(一部を除く)の<br>レベル上限解放アイテム<br>キャッツアイ【激レア】を3個手に入れたにゃ！	//4450_2:ランク4450の達成表示
ランク4500に到達すれば<br>キャッツアイ【超激レア】を3個プレゼント☆<br>レベルを上げてランクアップにゃ！	//4500_1:ランク4500の目標表示
「超激レアキャラ」のレベル上限解放アイテム<br>キャッツアイ【超激レア】を3個手に入れたにゃ！	//4500_2:ランク4500の達成表示
ランク4550に到達すれば<br>レアチケット１枚をプレゼント☆<br>レベルを上げてランクアップにゃ！	//4550_1:ランク4550の目標表示
レアチケット１枚を手に入れたにゃ！	//4550_2:ランク4550の達成表示
ランク4600に到達すれば<br>「レアキャラ」のプラス上限解放！<br>※＋70までパワーアップ可能※	//4600_1:ランク4600の目標表示
「レアキャラ」のプラス上限解放<br>＋70までパワーアップ可能にゃ！<br>※ガチャでパワーアップできます※	//4600_2:ランク4600の達成表示
ランク4650に到達すれば<br>「激レア」のプラス上限解放！(一部を除く)<br>※＋60までパワーアップ可能※	//4650_1:ランク4650の目標表示
「激レア」のプラス上限解放<br>＋60までパワーアップ可能にゃ！(一部を除く)<br>※ガチャでパワーアップできます※	//4650_2:ランク4650の達成表示
ランク4700に到達すれば<br>「超激レア」のプラス上限解放！<br>※＋60までパワーアップ可能※	//4700_1:ランク4700の目標表示
「超激レア」のプラス上限解放<br>＋60までパワーアップ可能にゃ！<br>※ガチャでパワーアップできます※	//4700_2:ランク4700の達成表示
ランク1050に到達すれば<br>ネコボンを3個プレゼント☆<br>レベルを上げてランクアップにゃ！	//1050_1:ランク1050の達成表示
ネコボンを3個手に入れたにゃ！	//1050_2:ランク1050の達成表示
ランク1150に到達すれば<br>スニャイパーを2個プレゼント☆<br>レベルを上げてランクアップにゃ！	//1150_1:ランク1150の達成表示
スニャイパーを2個手に入れたにゃ！	//1150_2:ランク1150の達成表示
ランク1250に到達すれば<br>にゃんこチケット2枚をプレゼント☆<br>レベルを上げてランクアップにゃ！	//1250_1:ランク1250の達成表示
にゃんこチケット2枚を手に入れたにゃ！	//1250_2:ランク1250の達成表示
ランク1350に到達すれば<br>レアチケット１枚をプレゼント☆<br>レベルを上げてランクアップにゃ！	//1350_1:ランク1350の達成表示
レアチケット１枚を手に入れたにゃ！	//1350_2:ランク1350の達成表示
ランク2050に到達すれば<br>ネコビタンCを3個プレゼント☆<br>レベルを上げてランクアップにゃ！	//2050_1:ランク2050の達成表示
「ガマトト探検隊」の探検時間短縮アイテム<br>ネコビタンCを3個手に入れたにゃ！	//2050_2:ランク2050の達成表示
ランク2750に到達すれば<br>スニャイパーを5個プレゼント☆<br>レベルを上げてランクアップにゃ！	//2750_1:ランク2750の達成表示
スニャイパーを5個手に入れたにゃ！	//2750_2:ランク2750の達成表示
ランク2850に到達すれば<br>ネコビタンCを3個プレゼント☆<br>レベルを上げてランクアップにゃ！	//2850_1:ランク2850の達成表示
「ガマトト探検隊」の探検時間短縮アイテム<br>ネコビタンCを3個手に入れたにゃ！	//2850_2:ランク2850の達成表示
ランク2950に到達すれば<br>にゃんこチケット3枚をプレゼント☆<br>レベルを上げてランクアップにゃ！	//2950_1:ランク2950の達成表示
にゃんこチケット3枚を手に入れたにゃ！	//2950_2:ランク2950の達成表示
ランク4750に到達すれば<br>緑マタタビを5個プレゼント☆<br>レベルを上げてランクアップにゃ！	//4750_1:ランク4750の達成表示
一部キャラクターの第3形態進化アイテム<br>緑マタタビを5個手に入れたにゃ！	//4750_2:ランク4750の達成表示
ランク4800に到達すれば<br>紫マタタビを5個プレゼント☆<br>レベルを上げてランクアップにゃ！	//4800_1:ランク4800の達成表示
一部キャラクターの第3形態進化アイテム<br>紫マタタビを5個手に入れたにゃ！	//4800_2:ランク4800の達成表示
ランク4850に到達すれば<br>赤マタタビを5個プレゼント☆<br>レベルを上げてランクアップにゃ！	//4850_1:ランク4850の達成表示
一部キャラクターの第3形態進化アイテム<br>赤マタタビを5個手に入れたにゃ！	//4850_2:ランク4850の達成表示
ランク4900に到達すれば<br>青マタタビを5個プレゼント☆<br>レベルを上げてランクアップにゃ！	//4900_1:ランク4900の達成表示
一部キャラクターの第3形態進化アイテム<br>青マタタビを5個手に入れたにゃ！	//4900_2:ランク4900の達成表示
ランク4950に到達すれば<br>黄マタタビを5個プレゼント☆<br>レベルを上げてランクアップにゃ！	//4950_1:ランク4950の達成表示
一部キャラクターの第3形態進化アイテム<br>黄マタタビを5個手に入れたにゃ！	//4950_2:ランク4950の達成表示
ランク5000に到達すれば<br>虹マタタビを5個プレゼント☆<br>レベルを上げてランクアップにゃ！	//5000_1:ランク5000の達成表示
一部キャラクターの第3形態進化アイテム<br>虹マタタビを5個手に入れたにゃ！	//5000_2:ランク5000の達成表示
ランク5050に到達すれば<br>「基本キャラ」のプラス上限解放！<br>※＋65までパワーアップ可能※	//5050_1:ランク5050の達成表示
「基本キャラ」のプラス上限解放<br>＋65までパワーアップ可能にゃ！<br>※ガチャでパワーアップできます※	//5050_2:ランク5050の達成表示
ランク5100に到達すれば<br>「基本キャラ」のプラス上限解放！<br>※＋70までパワーアップ可能※	//5100_1:ランク5100の達成表示
「基本キャラ」のプラス上限解放<br>＋70までパワーアップ可能にゃ！<br>※ガチャでパワーアップできます※	//5100_2:ランク5100の達成表示
ランク5150に到達すれば<br>レアチケット１枚をプレゼント☆<br>レベルを上げてランクアップにゃ！	//5150_1:ランク5150の達成表示
レアチケット１枚を手に入れたにゃ！	//5150_2:ランク5150の達成表示
ランク5200に到達すれば<br>キャッツアイ【EX】を5個プレゼント☆<br>レベルを上げてランクアップにゃ！	//5200_1:ランク5200の達成表示
「EXキャラ」(一部を除く)の<br>レベル上限解放アイテム<br>キャッツアイ【EX】を5個手に入れたにゃ！	//5200_2:ランク5200の達成表示
ランク5250に到達すれば<br>キャッツアイ【レア】を5個プレゼント☆<br>レベルを上げてランクアップにゃ！	//5250_1:ランク5250の達成表示
「レアキャラ」のレベル上限解放アイテム<br>キャッツアイ【レア】を5個手に入れたにゃ！	//5250_2:ランク5250の達成表示
ランク5300に到達すれば<br>キャッツアイ【激レア】を5個プレゼント☆<br>レベルを上げてランクアップにゃ！	//5300_1:ランク5300の達成表示
「激レアキャラ」(一部を除く)の<br>レベル上限解放アイテム<br>キャッツアイ【激レア】を5個手に入れたにゃ！	//5300_2:ランク5300の達成表示
ランク5350に到達すれば<br>キャッツアイ【超激レア】を5個プレゼント☆<br>レベルを上げてランクアップにゃ！	//5350_1:ランク5350の達成表示
「超激レアキャラ」のレベル上限解放アイテム<br>キャッツアイ【超激レア】を5個手に入れたにゃ！	//5350_2:ランク5350の達成表示
ランク5400に到達すれば<br>トレジャーレーダーを3個プレゼント☆<br>レベルを上げてランクアップにゃ！	//5400_1:ランク5400の達成表示
トレジャーレーダーを3個手に入れたにゃ！	//5400_2:ランク5400の達成表示
ランク5750に到達すれば<br>「基本キャラ」のプラス上限解放！<br>※＋75までパワーアップ可能※	//5750_1:ランク5750の達成表示
「基本キャラ」のプラス上限解放<br>＋75までパワーアップ可能にゃ！<br>※ガチャでパワーアップできます※	//5750_2:ランク5750の達成表示
ランク5800に到達すれば<br>「基本キャラ」のプラス上限解放！<br>※＋80までパワーアップ可能※	//5800_1:ランク5800の達成表示
「基本キャラ」のプラス上限解放<br>＋80までパワーアップ可能にゃ！<br>※ガチャでパワーアップできます※	//5800_2:ランク5800の達成表示
ランク5450に到達すれば<br>緑マタタビを5個プレゼント☆<br>レベルを上げてランクアップにゃ！	//5450_1:ランク5450の達成表示
一部キャラクターの第3形態進化アイテム<br>緑マタタビを5個手に入れたにゃ！	//5450_2:ランク5450の達成表示
ランク5500に到達すれば<br>紫マタタビを5個プレゼント☆<br>レベルを上げてランクアップにゃ！	//5500_1:ランク5500の達成表示
一部キャラクターの第3形態進化アイテム<br>紫マタタビを5個手に入れたにゃ！	//5500_2:ランク5500の達成表示
ランク5550に到達すれば<br>赤マタタビを5個プレゼント☆<br>レベルを上げてランクアップにゃ！	//5550_1:ランク5550の達成表示
一部キャラクターの第3形態進化アイテム<br>赤マタタビを5個手に入れたにゃ！	//5550_2:ランク5550の達成表示
ランク5600に到達すれば<br>青マタタビを5個プレゼント☆<br>レベルを上げてランクアップにゃ！	//5600_1:ランク5600の達成表示
一部キャラクターの第3形態進化アイテム<br>青マタタビを5個手に入れたにゃ！	//5600_2:ランク5600の達成表示
ランク5650に到達すれば<br>黄マタタビを5個プレゼント☆<br>レベルを上げてランクアップにゃ！	//5650_1:ランク5650の達成表示
一部キャラクターの第3形態進化アイテム<br>黄マタタビを5個手に入れたにゃ！	//5650_2:ランク5650の達成表示
ランク5700に到達すれば<br>虹マタタビを5個プレゼント☆<br>レベルを上げてランクアップにゃ！	//5700_1:ランク5700の達成表示
一部キャラクターの第3形態進化アイテム<br>虹マタタビを5個手に入れたにゃ！	//5700_2:ランク5700の達成表示
ランク5850に到達すれば<br>「レアキャラ」のプラス上限解放！<br>※＋80までパワーアップ可能※	//5850_1:ランク5850の目標表示
「レアキャラ」のプラス上限解放<br>＋80までパワーアップ可能にゃ！<br>※ガチャでパワーアップできます※	//5850_2:ランク5850の達成表示
ランク5900に到達すれば<br>「激レア」のプラス上限解放！(一部を除く)<br>※＋70までパワーアップ可能※	//5900_1:ランク5900の目標表示
「激レア」のプラス上限解放<br>＋70までパワーアップ可能にゃ！(一部を除く)<br>※ガチャでパワーアップできます※	//5900_2:ランク5900の達成表示
ランク5950に到達すれば<br>「超激レア」のプラス上限解放！<br>※＋70までパワーアップ可能※	//5950_1:ランク5950の目標表示
「超激レア」のプラス上限解放<br>＋70までパワーアップ可能にゃ！<br>※ガチャでパワーアップできます※	//5950_2:ランク5950の達成表示
ランク6000に到達すれば<br>レアチケット１枚をプレゼント☆<br>レベルを上げてランクアップにゃ！	//6000_1:ランク6000の達成表示
レアチケット１枚を手に入れたにゃ！	//6000_2:ランク6000の達成表示
ランク6500に到達すれば<br>虹マタタビを5個プレゼント☆<br>レベルを上げてランクアップにゃ！	//6500_1:ランク6500の達成表示
一部キャラクターの第3形態進化アイテム<br>虹マタタビを5個手に入れたにゃ！	//6500_2:ランク6500の達成表示
ランク7000に到達すれば<br>レアチケット１枚をプレゼント☆<br>レベルを上げてランクアップにゃ！	//7000_1:ランク7000の達成表示
レアチケット１枚を手に入れたにゃ！	//7000_2:ランク7000の達成表示
ランク6100に到達すれば<br>キャッツアイ【EX】を5個プレゼント☆<br>レベルを上げてランクアップにゃ！	//6100_1:ランク6100の達成表示
「EXキャラ」(一部を除く)の<br>レベル上限解放アイテム<br>キャッツアイ【EX】を5個手に入れたにゃ！	//6100_2:ランク6100の達成表示
ランク6200に到達すれば<br>キャッツアイ【レア】を5個プレゼント☆<br>レベルを上げてランクアップにゃ！	//6200_1:ランク6200の達成表示
「レアキャラ」のレベル上限解放アイテム<br>キャッツアイ【レア】を5個手に入れたにゃ！	//6200_2:ランク6200の達成表示
ランク6300に到達すれば<br>キャッツアイ【激レア】を5個プレゼント☆<br>レベルを上げてランクアップにゃ！	//6300_1:ランク6300の達成表示
「激レアキャラ」(一部を除く)の<br>レベル上限解放アイテム<br>キャッツアイ【激レア】を5個手に入れたにゃ！	//6300_2:ランク6300の達成表示
ランク6400に到達すれば<br>キャッツアイ【超激レア】を5個プレゼント☆<br>レベルを上げてランクアップにゃ！	//6400_1:ランク6400の達成表示
「超激レアキャラ」のレベル上限解放アイテム<br>キャッツアイ【超激レア】を5個手に入れたにゃ！	//6400_2:ランク6400の達成表示
ランク6600に到達すれば<br>ネコビタンAを5個プレゼント☆<br>レベルを上げてランクアップにゃ！	//6600_1:ランク6600の達成表示
「ガマトト探検隊」の探検時間短縮アイテム<br>ネコビタンAを5個手に入れたにゃ！	//6600_2:ランク6600の達成表示
ランク6700に到達すれば<br>ネコビタンBを5個プレゼント☆<br>レベルを上げてランクアップにゃ！	//6700_1:ランク6700の達成表示
「ガマトト探検隊」の探検時間短縮アイテム<br>ネコビタンBを5個手に入れたにゃ！	//6700_2:ランク6700の達成表示
ランク6800に到達すれば<br>ネコビタンCを5個プレゼント☆<br>レベルを上げてランクアップにゃ！	//6800_1:ランク6800の達成表示
「ガマトト探検隊」の探検時間短縮アイテム<br>ネコビタンCを5個手に入れたにゃ！	//6800_2:ランク6800の達成表示
ランク6900に到達すれば<br>緑マタタビを5個プレゼント☆<br>レベルを上げてランクアップにゃ！	//6900_1:ランク6900の達成表示
一部キャラクターの第3形態進化アイテム<br>緑マタタビを5個手に入れたにゃ！	//6900_2:ランク6900の達成表示
ランク7500に到達すれば<br>虹マタタビを5個プレゼント☆<br>レベルを上げてランクアップにゃ！	//7500_1:ランク7500の達成表示
一部キャラクターの第3形態進化アイテム<br>虹マタタビを5個手に入れたにゃ！	//7500_2:ランク7500の達成表示
ランク8000に到達すれば<br>レアチケット１枚をプレゼント☆<br>レベルを上げてランクアップにゃ！	//8000_1:ランク8000の達成表示
レアチケット１枚を手に入れたにゃ！	//8000_2:ランク8000の達成表示
ランク7100に到達すれば<br>紫マタタビを5個プレゼント☆<br>レベルを上げてランクアップにゃ！	//7100_1:ランク7100の達成表示
一部キャラクターの第3形態進化アイテム<br>紫マタタビを5個手に入れたにゃ！	//7100_2:ランク7100の達成表示
ランク7200に到達すれば<br>赤マタタビを5個プレゼント☆<br>レベルを上げてランクアップにゃ！	//7200_1:ランク7200の達成表示
一部キャラクターの第3形態進化アイテム<br>赤マタタビを5個手に入れたにゃ！	//7200_2:ランク7200の達成表示
ランク7300に到達すれば<br>青マタタビを5個プレゼント☆<br>レベルを上げてランクアップにゃ！	//7300_1:ランク7300の達成表示
一部キャラクターの第3形態進化アイテム<br>青マタタビを5個手に入れたにゃ！	//7300_2:ランク7300の達成表示
ランク7400に到達すれば<br>黄マタタビを5個プレゼント☆<br>レベルを上げてランクアップにゃ！	//7400_1:ランク7400の達成表示
一部キャラクターの第3形態進化アイテム<br>黄マタタビを5個手に入れたにゃ！	//7400_2:ランク7400の達成表示
ランク7777に到達すれば<br>レアチケット７枚をプレゼント☆<br>レベルを上げてランクアップにゃ！	//7777_1:ランク7777の達成表示
レアチケット７枚を手に入れたにゃ！	//7777_2:ランク7777の達成表示
ランク7600に到達すれば<br>キャッツアイ【EX】を5個プレゼント☆<br>レベルを上げてランクアップにゃ！	//7600_1:ランク7600の達成表示
「EXキャラ」(一部を除く)の<br>レベル上限解放アイテム<br>キャッツアイ【EX】を5個手に入れたにゃ！	//7600_2:ランク7600の達成表示
ランク7700に到達すれば<br>キャッツアイ【レア】を5個プレゼント☆<br>レベルを上げてランクアップにゃ！	//7700_1:ランク7700の達成表示
「レアキャラ」のレベル上限解放アイテム<br>キャッツアイ【レア】を5個手に入れたにゃ！	//7700_2:ランク7700の達成表示
ランク7800に到達すれば<br>キャッツアイ【激レア】を5個プレゼント☆<br>レベルを上げてランクアップにゃ！	//7800_1:ランク7800の達成表示
「激レアキャラ」(一部を除く)の<br>レベル上限解放アイテム<br>キャッツアイ【激レア】を5個手に入れたにゃ！	//7800_2:ランク7800の達成表示
ランク7900に到達すれば<br>キャッツアイ【超激レア】を5個プレゼント☆<br>レベルを上げてランクアップにゃ！	//7900_1:ランク7900の達成表示
「超激レアキャラ」のレベル上限解放アイテム<br>キャッツアイ【超激レア】を5個手に入れたにゃ！	//7900_2:ランク7900の達成表示
ランク8500に到達すれば<br>虹マタタビを5個プレゼント☆<br>レベルを上げてランクアップにゃ！	//8500_1:ランク8500の達成表示
一部キャラクターの第3形態進化アイテム<br>虹マタタビを5個手に入れたにゃ！	//8500_2:ランク8500の達成表示
ランク9000に到達すれば<br>レアチケット１枚をプレゼント☆<br>レベルを上げてランクアップにゃ！	//9000_1:ランク9000の達成表示
レアチケット１枚を手に入れたにゃ！	//9000_2:ランク9000の達成表示
ランク8100に到達すれば<br>ネコビタンAを5個プレゼント☆<br>レベルを上げてランクアップにゃ！	//8100_1:ランク8100の達成表示
「ガマトト探検隊」の探検時間短縮アイテム<br>ネコビタンAを5個手に入れたにゃ！	//8100_2:ランク8100の達成表示
ランク8200に到達すれば<br>ネコビタンBを5個プレゼント☆<br>レベルを上げてランクアップにゃ！	//8200_1:ランク8200の達成表示
「ガマトト探検隊」の探検時間短縮アイテム<br>ネコビタンBを5個手に入れたにゃ！	//8200_2:ランク8200の達成表示
ランク8300に到達すれば<br>ネコビタンCを5個プレゼント☆<br>レベルを上げてランクアップにゃ！	//8300_1:ランク8300の達成表示
「ガマトト探検隊」の探検時間短縮アイテム<br>ネコビタンCを5個手に入れたにゃ！	//8300_2:ランク8300の達成表示
ランク8400に到達すれば<br>緑マタタビを5個プレゼント☆<br>レベルを上げてランクアップにゃ！	//8400_1:ランク8400の達成表示
一部キャラクターの第3形態進化アイテム<br>緑マタタビを5個手に入れたにゃ！	//8400_2:ランク8400の達成表示
ランク8600に到達すれば<br>紫マタタビを5個プレゼント☆<br>レベルを上げてランクアップにゃ！	//8600_1:ランク8600の達成表示
一部キャラクターの第3形態進化アイテム<br>紫マタタビを5個手に入れたにゃ！	//8600_2:ランク8600の達成表示
ランク8700に到達すれば<br>赤マタタビを5個プレゼント☆<br>レベルを上げてランクアップにゃ！	//8700_1:ランク8700の達成表示
一部キャラクターの第3形態進化アイテム<br>赤マタタビを5個手に入れたにゃ！	//8700_2:ランク8700の達成表示
ランク8800に到達すれば<br>青マタタビを5個プレゼント☆<br>レベルを上げてランクアップにゃ！	//8800_1:ランク8800の達成表示
一部キャラクターの第3形態進化アイテム<br>青マタタビを5個手に入れたにゃ！	//8800_2:ランク8800の達成表示
ランク8900に到達すれば<br>黄マタタビを5個プレゼント☆<br>レベルを上げてランクアップにゃ！	//8900_1:ランク8900の達成表示
一部キャラクターの第3形態進化アイテム<br>黄マタタビを5個手に入れたにゃ！	//8900_2:ランク8900の達成表示
ランク9100に到達すれば<br>キャッツアイ【EX】を5個プレゼント☆<br>レベルを上げてランクアップにゃ！	//9100_1:ランク9100の達成表示
「EXキャラ」(一部を除く)の<br>レベル上限解放アイテム<br>キャッツアイ【EX】を5個手に入れたにゃ！	//9100_2:ランク9100の達成表示
ランク9200に到達すれば<br>キャッツアイ【レア】を5個プレゼント☆<br>レベルを上げてランクアップにゃ！	//9200_1:ランク9200の達成表示
「レアキャラ」のレベル上限解放アイテム<br>キャッツアイ【レア】を5個手に入れたにゃ！	//9200_2:ランク9200の達成表示
ランク9300に到達すれば<br>キャッツアイ【激レア】を5個プレゼント☆<br>レベルを上げてランクアップにゃ！	//9300_1:ランク9300の達成表示
「激レアキャラ」(一部を除く)の<br>レベル上限解放アイテム<br>キャッツアイ【激レア】を5個手に入れたにゃ！	//9300_2:ランク9300の達成表示
ランク9400に到達すれば<br>キャッツアイ【超激レア】を5個プレゼント☆<br>レベルを上げてランクアップにゃ！	//9400_1:ランク9400の達成表示
「超激レアキャラ」のレベル上限解放アイテム<br>キャッツアイ【超激レア】を5個手に入れたにゃ！	//9400_2:ランク9400の達成表示
ランク9500に到達すれば<br>虹マタタビを5個プレゼント☆<br>レベルを上げてランクアップにゃ！	//9500_1:ランク9500の達成表示
一部キャラクターの第3形態進化アイテム<br>虹マタタビを5個手に入れたにゃ！	//9500_2:ランク9500の達成表示
ランク1110に到達すれば<br>「？？？レア」のレベル上限解放！<br>※レベル25までパワーアップ可能※	//1110_1:ランク1110の達成表示
「？？？レア」のレベル上限解放<br>レベル25までパワーアップ可能にゃ！<br>※XPでパワーアップできます※	//1110_2:ランク1110の達成表示
ランク1410に到達すれば<br>「？？？レア」のレベル上限解放！<br>※レベル30までパワーアップ可能※	//1410_1:ランク1410の達成表示
「？？？レア」のレベル上限解放<br>レベル30までパワーアップ可能にゃ！<br>※XPでパワーアップできます※	//1410_2:ランク1410の達成表示
ランク10000に到達すれば<br>プラチナチケット１枚をプレゼント☆<br>レベルを上げてランクアップにゃ！	//10000_1:ランク10000の達成表示
プラチナチケット１枚を手に入れたにゃ！	//10000_2:ランク10000の達成表示
ランク9600に到達すれば<br>キャッツアイ【EX】を5個プレゼント☆<br>レベルを上げてランクアップにゃ！	//9600_1:ランク9600の達成表示
「EXキャラ」(一部を除く)の<br>レベル上限解放アイテム<br>キャッツアイ【EX】を5個手に入れたにゃ！	//9600_2:ランク9600の達成表示
ランク9700に到達すれば<br>キャッツアイ【レア】を5個プレゼント☆<br>レベルを上げてランクアップにゃ！	//9700_1:ランク9700の達成表示
「レアキャラ」のレベル上限解放アイテム<br>キャッツアイ【レア】を5個手に入れたにゃ！	//9700_2:ランク9700の達成表示
ランク9800に到達すれば<br>キャッツアイ【激レア】を5個プレゼント☆<br>レベルを上げてランクアップにゃ！	//9800_1:ランク9800の達成表示
「激レアキャラ」(一部を除く)の<br>レベル上限解放アイテム<br>キャッツアイ【激レア】を5個手に入れたにゃ！	//9800_2:ランク9800の達成表示
ランク9900に到達すれば<br>キャッツアイ【超激レア】を5個プレゼント☆<br>レベルを上げてランクアップにゃ！	//9900_1:ランク9900の達成表示
「超激レアキャラ」のレベル上限解放アイテム<br>キャッツアイ【超激レア】を5個手に入れたにゃ！	//9900_2:ランク9900の達成表示
ランク10500に到達すれば<br>古代マタタビを1個プレゼント☆<br>レベルを上げてランクアップにゃ！	//10500_1:ランク10500の達成表示
一部キャラクターの第3形態進化アイテム<br>古代マタタビを1個手に入れたにゃ！	//10500_2:ランク10500の達成表示
ランク11000に到達すれば<br>レアチケット１枚をプレゼント☆<br>レベルを上げてランクアップにゃ！	//11000_1:ランク11000の達成表示
レアチケット１枚を手に入れたにゃ！	//11000_2:ランク11000の達成表示
ランク10100に到達すれば<br>ネコビタンAを5個プレゼント☆<br>レベルを上げてランクアップにゃ！	//10100_1:ランク10100の達成表示
「ガマトト探検隊」の探検時間短縮アイテム<br>ネコビタンAを5個手に入れたにゃ！	//10100_2:ランク10100の達成表示
ランク10200に到達すれば<br>ネコビタンBを5個プレゼント☆<br>レベルを上げてランクアップにゃ！	//10200_1:ランク10200の達成表示
「ガマトト探検隊」の探検時間短縮アイテム<br>ネコビタンBを5個手に入れたにゃ！	//10200_2:ランク10200の達成表示
ランク10300に到達すれば<br>ネコビタンCを5個プレゼント☆<br>レベルを上げてランクアップにゃ！	//10300_1:ランク10300の達成表示
「ガマトト探検隊」の探検時間短縮アイテム<br>ネコビタンCを5個手に入れたにゃ！	//10300_2:ランク10300の達成表示
ランク10400に到達すれば<br>緑マタタビを5個プレゼント☆<br>レベルを上げてランクアップにゃ！	//10400_1:ランク10400の達成表示
一部キャラクターの第3形態進化アイテム<br>緑マタタビを5個手に入れたにゃ！	//10400_2:ランク10400の達成表示
ランク10600に到達すれば<br>紫マタタビを5個プレゼント☆<br>レベルを上げてランクアップにゃ！	//10600_1:ランク10600の達成表示
一部キャラクターの第3形態進化アイテム<br>紫マタタビを5個手に入れたにゃ！	//10600_2:ランク10600の達成表示
ランク10700に到達すれば<br>赤マタタビを5個プレゼント☆<br>レベルを上げてランクアップにゃ！	//10700_1:ランク10700の達成表示
一部キャラクターの第3形態進化アイテム<br>赤マタタビを5個手に入れたにゃ！	//10700_2:ランク10700の達成表示
ランク10800に到達すれば<br>青マタタビを5個プレゼント☆<br>レベルを上げてランクアップにゃ！	//10800_1:ランク10800の達成表示
一部キャラクターの第3形態進化アイテム<br>青マタタビを5個手に入れたにゃ！	//10800_2:ランク10800の達成表示
ランク10900に到達すれば<br>黄マタタビを5個プレゼント☆<br>レベルを上げてランクアップにゃ！	//10900_1:ランク10900の達成表示
一部キャラクターの第3形態進化アイテム<br>黄マタタビを5個手に入れたにゃ！	//10900_2:ランク10900の達成表示
ランク11500に到達すれば<br>古代マタタビを1個プレゼント☆<br>レベルを上げてランクアップにゃ！	//11500_1:ランク11500の達成表示
一部キャラクターの第3形態進化アイテム<br>古代マタタビを1個手に入れたにゃ！	//11500_2:ランク11500の達成表示
ランク12000に到達すれば<br>レアチケット１枚をプレゼント☆<br>レベルを上げてランクアップにゃ！	//12000_1:ランク12000の達成表示
レアチケット１枚を手に入れたにゃ！	//12000_2:ランク12000の達成表示
ランク11100に到達すれば<br>キャッツアイ【EX】を5個プレゼント☆<br>レベルを上げてランクアップにゃ！	//11100_1:ランク11100の達成表示
「EXキャラ」(一部を除く)の<br>レベル上限解放アイテム<br>キャッツアイ【EX】を5個手に入れたにゃ！	//11100_2:ランク11100の達成表示
ランク11200に到達すれば<br>キャッツアイ【レア】を5個プレゼント☆<br>レベルを上げてランクアップにゃ！	//11200_1:ランク11200の達成表示
「レアキャラ」のレベル上限解放アイテム<br>キャッツアイ【レア】を5個手に入れたにゃ！	//11200_2:ランク11200の達成表示
ランク11300に到達すれば<br>キャッツアイ【激レア】を5個プレゼント☆<br>レベルを上げてランクアップにゃ！	//11300_1:ランク11300の達成表示
「激レアキャラ」(一部を除く)の<br>レベル上限解放アイテム<br>キャッツアイ【激レア】を5個手に入れたにゃ！	//11300_2:ランク11300の達成表示
ランク11400に到達すれば<br>キャッツアイ【超激レア】を5個プレゼント☆<br>レベルを上げてランクアップにゃ！	//11400_1:ランク11400の達成表示
「超激レアキャラ」のレベル上限解放アイテム<br>キャッツアイ【超激レア】を5個手に入れたにゃ！	//11400_2:ランク11400の達成表示
ランク11600に到達すれば<br>ネコビタンAを5個プレゼント☆<br>レベルを上げてランクアップにゃ！	//11600_1:ランク11600の達成表示
「ガマトト探検隊」の探検時間短縮アイテム<br>ネコビタンAを5個手に入れたにゃ！	//11600_2:ランク11600の達成表示
ランク11700に到達すれば<br>ネコビタンBを5個プレゼント☆<br>レベルを上げてランクアップにゃ！	//11700_1:ランク11700の達成表示
「ガマトト探検隊」の探検時間短縮アイテム<br>ネコビタンBを5個手に入れたにゃ！	//11700_2:ランク11700の達成表示
ランク11800に到達すれば<br>ネコビタンCを5個プレゼント☆<br>レベルを上げてランクアップにゃ！	//11800_1:ランク11800の達成表示
「ガマトト探検隊」の探検時間短縮アイテム<br>ネコビタンCを5個手に入れたにゃ！	//11800_2:ランク11800の達成表示
ランク11900に到達すれば<br>緑マタタビを5個プレゼント☆<br>レベルを上げてランクアップにゃ！	//11900_1:ランク11900の達成表示
一部キャラクターの第3形態進化アイテム<br>緑マタタビを5個手に入れたにゃ！	//11900_2:ランク11900の達成表示
ランク12500に到達すれば<br>古代マタタビを1個プレゼント☆<br>レベルを上げてランクアップにゃ！	//12500_1:ランク12500の達成表示
一部キャラクターの第3形態進化アイテム<br>古代マタタビを1個手に入れたにゃ！	//12500_2:ランク12500の達成表示
ランク12100に到達すれば<br>紫マタタビを5個プレゼント☆<br>レベルを上げてランクアップにゃ！	//12100_1:ランク12100の達成表示
一部キャラクターの第3形態進化アイテム<br>紫マタタビを5個手に入れたにゃ！	//12100_2:ランク12100の達成表示
ランク12200に到達すれば<br>赤マタタビを5個プレゼント☆<br>レベルを上げてランクアップにゃ！	//12200_1:ランク12200の達成表示
一部キャラクターの第3形態進化アイテム<br>赤マタタビを5個手に入れたにゃ！	//12200_2:ランク12200の達成表示
ランク12300に到達すれば<br>青マタタビを5個プレゼント☆<br>レベルを上げてランクアップにゃ！	//12300_1:ランク12300の達成表示
一部キャラクターの第3形態進化アイテム<br>青マタタビを5個手に入れたにゃ！	//12300_2:ランク12300の達成表示
ランク12400に到達すれば<br>黄マタタビを5個プレゼント☆<br>レベルを上げてランクアップにゃ！	//12400_1:ランク12400の達成表示
一部キャラクターの第3形態進化アイテム<br>黄マタタビを5個手に入れたにゃ！	//12400_2:ランク12400の達成表示
ランク12600に到達すれば<br>レンガを10個プレゼント☆<br>レベルを上げてランクアップにゃ！	//12600_1:ランク12600の達成表示
「オトート開発隊」の素材アイテム<br>レンガを10個手に入れたにゃ！	//12600_2:ランク12600の達成表示
ランク12700に到達すれば<br>羽根を10枚プレゼント☆<br>レベルを上げてランクアップにゃ！	//12700_1:ランク12700の達成表示
「オトート開発隊」の素材アイテム<br>羽根を10枚手に入れたにゃ！	//12700_2:ランク12700の達成表示
ランク12800に到達すれば<br>備長炭を10個プレゼント☆<br>レベルを上げてランクアップにゃ！	//12800_1:ランク12800の達成表示
「オトート開発隊」の素材アイテム<br>備長炭を10個手に入れたにゃ！	//12800_2:ランク12800の達成表示
ランク9999に到達すれば<br>「基本キャラ」のプラス上限解放！<br>※＋90までパワーアップ可能※	//9999_1:ランク9999の達成表示
「基本キャラ」のプラス上限解放<br>＋90までパワーアップ可能にゃ！<br>※ガチャでパワーアップできます※	//9999_2:ランク9999の達成表示
ランク12900に到達すれば<br>鋼の歯車を10個プレゼント☆<br>レベルを上げてランクアップにゃ！	//12900_1:ランク12900の達成表示
「オトート開発隊」の素材アイテム<br>鋼の歯車を10個手に入れたにゃ！	//12900_2:ランク12900の達成表示
ランク13000に到達すれば<br>レアチケット１枚をプレゼント☆<br>レベルを上げてランクアップにゃ！	//13000_1:ランク13000の達成表示
レアチケット１枚を手に入れたにゃ！	//13000_2:ランク13000の達成表示
ランク13100に到達すれば<br>黄金を10個プレゼント☆<br>レベルを上げてランクアップにゃ！	//13100_1:ランク13100の達成表示
「オトート開発隊」の素材アイテム<br>黄金を10個手に入れたにゃ！	//13100_2:ランク13100の達成表示
	
	//読み込み可能行数400行まで（2018/11/12）
	//xxx_1は目標ユーザーランクの内容表示、xxx_2はユーザーランク達成表示
